timeStamp, Temperature(Â°C), Pressure(hPa), Humidity(%), Wind_Speed(m/s), Wind_Direction(deg), Longitude(deg), Latitude(deg), Altitude(m)
2023/06/05 16:35:06, 21.23, 53.93, 986.62, 0.33, 36.19, 0.00, 0.00, 0.00
2023/06/05 16:35:06, 21.21, 53.89, 986.65, 0.33, 36.24, 0.00, 0.00, 0.00
2023/06/05 16:35:06, 21.20, 53.89, 986.64, 0.33, 36.26, 0.00, 0.00, 0.00
2023/06/05 16:35:07, 21.20, 53.80, 986.64, 0.33, 36.26, 0.00, 0.00, 0.00
2023/06/05 16:35:08, 21.22, 53.83, 986.62, 0.33, 36.19, 0.00, 0.00, 0.00
2023/06/05 16:35:09, 21.24, 54.01, 986.66, 0.33, 36.26, 0.00, 0.00, 0.00
2023/06/05 16:35:10, 21.24, 54.19, 986.64, 0.33, 36.22, 0.00, 0.00, 0.00
2023/06/05 16:35:11, 21.25, 54.36, 986.62, 0.33, 36.24, 0.00, 0.00, 0.00
2023/06/05 16:35:12, 21.25, 54.45, 986.61, 0.33, 36.24, 0.00, 0.00, 0.00
2023/06/05 16:35:15, 21.27, 54.50, 986.65, 0.20, 36.26, 0.00, 0.00, 0.00
2023/06/05 16:35:16, 21.29, 54.43, 986.68, 0.20, 36.28, 0.00, 0.00, 0.00
2023/06/05 16:35:17, 21.28, 54.35, 986.69, 0.14, 36.26, 0.00, 0.00, 0.00
2023/06/05 16:35:18, 21.28, 54.29, 986.63, 0.14, 36.22, 0.00, 0.00, 0.00
2023/06/05 16:35:19, 21.28, 54.19, 986.68, 0.14, 36.17, 0.00, 0.00, 0.00
2023/06/05 16:35:20, 21.27, 54.26, 986.70, 0.02, 36.28, 0.00, 0.00, 0.00
2023/06/05 16:35:21, 21.26, 54.44, 986.67, 0.02, 36.17, 0.00, 0.00, 0.00
2023/06/05 16:35:22, 21.25, 54.58, 986.69, 0.02, 36.22, 0.00, 0.00, 0.00
2023/06/05 16:35:24, 21.26, 54.59, 986.70, 0.02, 36.26, 0.00, 0.00, 0.00
2023/06/05 16:35:25, 21.24, 54.51, 986.68, 0.02, 36.24, 0.00, 0.00, 0.00
2023/06/05 16:35:26, 21.24, 54.49, 986.69, 0.02, 36.28, 0.00, 0.00, 0.00
2023/06/05 16:35:27, 21.23, 54.46, 986.66, 0.02, 36.24, 0.00, 0.00, 0.00
2023/06/05 16:35:28, 21.24, 54.43, 986.67, 0.02, 36.22, 0.00, 0.00, 0.00
2023/06/05 16:35:29, 21.24, 54.35, 986.66, 0.02, 36.22, 0.00, 0.00, 0.00
2023/06/05 16:35:30, 21.24, 54.28, 986.68, 0.02, 36.24, 0.00, 0.00, 0.00
2023/06/05 16:35:31, 21.23, 54.33, 986.69, 0.02, 36.24, 0.00, 0.00, 0.00
2023/06/05 16:35:33, 21.18, 54.49, 986.67, 0.02, 36.28, 0.00, 0.00, 0.00
2023/06/05 16:35:34, 21.17, 54.44, 986.68, 0.02, 36.28, 0.00, 0.00, 0.00
2023/06/05 16:35:35, 21.16, 54.46, 986.65, 0.14, 36.24, 0.00, 0.00, 0.00
2023/06/05 16:35:36, 21.14, 54.46, 986.67, 0.14, 36.24, 0.00, 0.00, 0.00
2023/06/05 16:35:37, 21.13, 54.46, 986.70, 0.26, 36.26, 0.00, 0.00, 0.00
2023/06/05 16:35:38, 21.12, 54.42, 986.67, 0.20, 36.24, 0.00, 0.00, 0.00
2023/06/05 16:35:39, 21.10, 54.37, 986.66, 0.33, 36.24, 0.00, 0.00, 0.00
2023/06/05 16:35:40, 21.09, 54.32, 986.70, 0.33, 36.24, 0.00, 0.00, 0.00
2023/06/05 16:35:42, 21.06, 54.15, 986.69, 0.33, 36.24, 0.00, 0.00, 0.00
2023/06/05 16:35:43, 21.04, 54.24, 986.70, 0.33, 36.17, 0.00, 0.00, 0.00
2023/06/05 16:35:44, 21.03, 54.30, 986.68, 0.33, 36.19, 0.00, 0.00, 0.00
2023/06/05 16:35:45, 21.03, 54.39, 986.68, 0.33, 36.22, 0.00, 0.00, 0.00
2023/06/05 16:35:46, 21.03, 54.46, 986.70, 0.33, 36.28, 0.00, 0.00, 0.00
2023/06/05 16:35:47, 21.04, 54.55, 986.68, 0.33, 36.28, 0.00, 0.00, 0.00
2023/06/05 16:35:48, 21.05, 54.57, 986.70, 0.26, 36.24, 0.00, 0.00, 0.00
2023/06/05 16:35:49, 21.04, 54.56, 986.69, 0.20, 36.24, 0.00, 0.00, 0.00
2023/06/05 16:35:51, 21.01, 54.20, 986.68, 0.45, 36.19, 0.00, 0.00, 0.00
2023/06/05 16:35:52, 21.02, 54.24, 986.71, 0.51, 36.24, 0.00, 0.00, 0.00
2023/06/05 16:35:53, 21.01, 53.97, 986.70, 0.51, 36.22, 0.00, 0.00, 0.00
2023/06/05 16:35:54, 21.01, 53.86, 986.67, 0.51, 36.24, 0.00, 0.00, 0.00
2023/06/05 16:35:55, 21.01, 53.92, 986.66, 0.63, 36.24, 0.00, 0.00, 0.00
2023/06/05 16:35:56, 20.97, 53.75, 986.68, 0.63, 36.24, 0.00, 0.00, 0.00
2023/06/05 16:35:57, 20.97, 53.55, 986.68, 0.63, 36.26, 0.00, 0.00, 0.00
2023/06/05 16:35:58, 20.94, 53.47, 986.67, 0.69, 36.22, 0.00, 0.00, 0.00
2023/06/05 16:36:00, 20.92, 53.49, 986.67, 0.69, 36.22, 0.00, 0.00, 0.00
2023/06/05 16:36:01, 20.92, 53.64, 986.67, 0.75, 36.19, 0.00, 0.00, 0.00
2023/06/05 16:36:02, 20.93, 53.69, 986.67, 0.75, 36.22, 0.00, 0.00, 0.00
2023/06/05 16:36:03, 20.93, 53.78, 986.70, 0.63, 36.26, 0.00, 0.00, 0.00
2023/06/05 16:36:04, 20.93, 53.85, 986.67, 0.63, 36.19, 0.00, 0.00, 0.00
2023/06/05 16:36:05, 20.93, 53.94, 986.70, 0.51, 36.28, 0.00, 0.00, 0.00
2023/06/05 16:36:06, 20.94, 53.98, 986.68, 0.57, 36.22, 0.00, 0.00, 0.00
2023/06/05 16:36:07, 20.95, 54.06, 986.67, 0.51, 36.22, 0.00, 0.00, 0.00
2023/06/05 16:36:09, 20.96, 54.06, 986.66, 0.33, 36.22, 0.00, 0.00, 0.00
2023/06/05 16:36:10, 20.96, 54.00, 986.66, 0.33, 36.22, 0.00, 0.00, 0.00
2023/06/05 16:36:11, 20.97, 54.04, 986.66, 0.26, 36.22, 0.00, 0.00, 0.00
2023/06/05 16:36:12, 20.97, 54.04, 986.65, 0.20, 36.22, 0.00, 0.00, 0.00
2023/06/05 16:36:13, 20.97, 54.05, 986.67, 0.26, 36.26, 0.00, 0.00, 0.00
2023/06/05 16:36:14, 20.96, 54.07, 986.67, 0.20, 36.22, 0.00, 0.00, 0.00
2023/06/05 16:36:15, 20.97, 54.08, 986.67, 0.26, 36.22, 0.00, 0.00, 0.00
2023/06/05 16:36:16, 20.97, 54.05, 986.66, 0.20, 36.26, 0.00, 0.00, 0.00
2023/06/05 16:36:18, 20.97, 54.07, 986.69, 0.20, 36.22, 0.00, 0.00, 0.00
2023/06/05 16:36:19, 20.97, 54.17, 986.72, 0.26, 36.22, 0.00, 0.00, 0.00
2023/06/05 16:36:20, 20.96, 54.06, 986.67, 0.20, 36.30, 0.00, 0.00, 0.00
2023/06/05 16:36:21, 20.94, 53.89, 986.68, 0.26, 36.28, 0.00, 0.00, 0.00
2023/06/05 16:36:22, 20.93, 53.78, 986.68, 0.20, 36.24, 0.00, 0.00, 0.00
2023/06/05 16:36:23, 20.93, 53.71, 986.67, 0.26, 36.19, 0.00, 0.00, 0.00
2023/06/05 16:36:24, 20.93, 53.67, 986.67, 0.20, 36.26, 0.00, 0.00, 0.00
2023/06/05 16:36:25, 20.93, 53.64, 986.66, 0.20, 36.19, 0.00, 0.00, 0.00
2023/06/05 16:36:27, 20.93, 53.66, 986.64, 0.33, 36.24, 0.00, 0.00, 0.00
2023/06/05 16:36:28, 20.94, 53.68, 986.66, 0.51, 36.19, 0.00, 0.00, 0.00
2023/06/05 16:36:29, 20.94, 53.74, 986.67, 0.57, 36.26, 0.00, 0.00, 0.00
2023/06/05 16:36:30, 20.94, 53.86, 986.68, 0.51, 36.19, 0.00, 0.00, 0.00
2023/06/05 16:36:31, 20.93, 53.94, 986.68, 0.51, 36.24, 0.00, 0.00, 0.00
2023/06/05 16:36:32, 20.92, 53.98, 986.67, 0.57, 36.22, 0.00, 0.00, 0.00
2023/06/05 16:36:33, 20.91, 53.86, 986.70, 0.57, 36.28, 0.00, 0.00, 0.00
2023/06/05 16:36:34, 20.90, 53.80, 986.68, 0.63, 36.19, 0.00, 0.00, 0.00
2023/06/05 16:36:36, 20.89, 53.83, 986.67, 0.75, 36.26, 0.00, 0.00, 0.00
2023/06/05 16:36:37, 20.89, 53.84, 986.69, 0.63, 36.22, 0.00, 0.00, 0.00
2023/06/05 16:36:38, 20.89, 53.87, 986.65, 0.63, 36.22, 0.00, 0.00, 0.00
2023/06/05 16:36:39, 20.89, 53.96, 986.68, 0.63, 36.22, 0.00, 0.00, 0.00
2023/06/05 16:36:40, 20.89, 54.02, 986.69, 0.63, 36.22, 0.00, 0.00, 0.00
2023/06/05 16:36:41, 20.87, 54.05, 986.70, 0.63, 36.22, 0.00, 0.00, 0.00
2023/06/05 16:36:42, 20.86, 54.06, 986.67, 0.63, 36.19, 0.00, 0.00, 0.00
2023/06/05 16:36:43, 20.85, 54.09, 986.68, 0.63, 36.26, 0.00, 0.00, 0.00
2023/06/05 16:36:45, 20.84, 54.08, 986.66, 0.57, 36.13, 0.00, 0.00, 0.00
2023/06/05 16:36:46, 20.83, 54.13, 986.69, 0.51, 36.19, 0.00, 0.00, 0.00
2023/06/05 16:36:47, 20.83, 54.13, 986.69, 0.51, 36.17, 0.00, 0.00, 0.00
2023/06/05 16:36:48, 20.84, 54.08, 986.68, 0.45, 36.22, 0.00, 0.00, 0.00
2023/06/05 16:36:49, 20.84, 54.04, 986.71, 0.45, 36.24, 0.00, 0.00, 0.00
2023/06/05 16:36:50, 20.84, 53.98, 986.68, 0.33, 36.22, 0.00, 0.00, 0.00
2023/06/05 16:36:51, 20.85, 54.02, 986.70, 0.33, 36.24, 0.00, 0.00, 0.00
2023/06/05 16:36:52, 20.84, 54.03, 986.70, 0.33, 36.19, 0.00, 0.00, 0.00
2023/06/05 16:36:54, 20.84, 54.12, 986.70, 0.45, 36.26, 0.00, 0.00, 0.00
2023/06/05 16:36:55, 20.84, 54.14, 986.70, 0.33, 36.26, 0.00, 0.00, 0.00
2023/06/05 16:36:56, 20.83, 54.17, 986.68, 0.33, 36.24, 0.00, 0.00, 0.00
2023/06/05 16:36:57, 20.84, 54.22, 986.72, 0.33, 36.24, 0.00, 0.00, 0.00
2023/06/05 16:36:58, 20.82, 54.29, 986.68, 0.33, 36.22, 0.00, 0.00, 0.00
2023/06/05 16:36:59, 20.82, 54.40, 986.68, 0.20, 36.22, 0.00, 0.00, 0.00
2023/06/05 16:37:00, 20.83, 54.52, 986.67, 0.26, 36.24, 0.00, 0.00, 0.00
2023/06/05 16:37:01, 20.81, 54.48, 986.68, 0.20, 36.24, 0.00, 0.00, 0.00
2023/06/05 16:37:03, 20.80, 54.21, 986.70, 0.20, 36.24, 0.00, 0.00, 0.00
2023/06/05 16:37:04, 20.80, 54.20, 986.69, 0.26, 36.26, 0.00, 0.00, 0.00
2023/06/05 16:37:05, 20.80, 54.30, 986.75, 0.20, 36.26, 0.00, 0.00, 0.00
2023/06/05 16:37:06, 20.78, 54.23, 986.70, 0.33, 36.26, 0.00, 0.00, 0.00
2023/06/05 16:37:07, 20.76, 54.14, 986.72, 0.33, 36.30, 0.00, 0.00, 0.00
2023/06/05 16:37:08, 20.75, 54.06, 986.71, 0.45, 36.28, 0.00, 0.00, 0.00
2023/06/05 16:37:09, 20.75, 54.08, 986.76, 0.45, 36.22, 0.00, 0.00, 0.00
2023/06/05 16:37:10, 20.75, 54.05, 986.73, 0.51, 36.24, 0.00, 0.00, 0.00
2023/06/05 16:37:12, 20.73, 54.00, 986.72, 0.57, 36.24, 0.00, 0.00, 0.00
2023/06/05 16:37:13, 20.71, 54.01, 986.77, 0.51, 36.65, 0.00, 0.00, 0.00
2023/06/05 16:37:14, 20.71, 53.99, 986.76, 0.51, 61.33, 0.00, 0.00, 0.00
2023/06/05 16:37:15, 20.70, 54.04, 986.71, 0.51, 61.64, 0.00, 0.00, 0.00
2023/06/05 16:37:16, 20.70, 54.04, 986.72, 0.57, 61.64, 0.00, 0.00, 0.00
2023/06/05 16:37:17, 20.70, 54.06, 986.74, 0.51, 61.55, 0.00, 0.00, 0.00
2023/06/05 16:37:18, 20.71, 54.05, 986.74, 0.45, 61.66, 0.00, 0.00, 0.00
2023/06/05 16:37:19, 20.71, 53.97, 986.72, 0.39, 61.60, 0.00, 0.00, 0.00
2023/06/05 16:37:21, 20.73, 53.82, 986.73, 0.33, 61.62, 0.00, 0.00, 0.00
2023/06/05 16:37:22, 20.73, 53.91, 986.74, 0.33, 61.57, 0.00, 0.00, 0.00
2023/06/05 16:37:23, 20.73, 54.09, 986.70, 0.33, 61.64, 0.00, 0.00, 0.00
2023/06/05 16:37:24, 20.73, 54.18, 986.70, 0.33, 61.68, 0.00, 0.00, 0.00
2023/06/05 16:37:25, 20.73, 54.13, 986.72, 0.33, 61.62, 0.00, 0.00, 0.00
2023/06/05 16:37:26, 20.74, 54.06, 986.71, 0.33, 61.62, 0.00, 0.00, 0.00
2023/06/05 16:37:27, 20.74, 54.01, 986.72, 0.33, 61.64, 0.00, 0.00, 0.00
2023/06/05 16:37:28, 20.73, 54.02, 986.72, 0.45, 61.64, 0.00, 0.00, 0.00
2023/06/05 16:37:30, 20.74, 53.68, 986.69, 0.33, 61.62, 0.00, 0.00, 0.00
2023/06/05 16:37:31, 20.74, 53.56, 986.68, 0.33, 61.60, 0.00, 0.00, 0.00
2023/06/05 16:37:32, 20.73, 53.58, 986.71, 0.33, 61.64, 0.00, 0.00, 0.00
2023/06/05 16:37:33, 20.72, 53.79, 986.71, 0.33, 61.64, 0.00, 0.00, 0.00
2023/06/05 16:37:34, 20.74, 53.88, 986.75, 0.45, 61.62, 0.00, 0.00, 0.00
2023/06/05 16:37:35, 20.71, 53.98, 986.70, 0.51, 61.57, 0.00, 0.00, 0.00
2023/06/05 16:37:36, 20.71, 53.94, 986.72, 0.51, 61.62, 0.00, 0.00, 0.00
2023/06/05 16:37:37, 20.72, 53.98, 986.75, 0.51, 61.64, 0.00, 0.00, 0.00
2023/06/05 16:37:39, 20.72, 54.09, 986.71, 0.45, 61.60, 0.00, 0.00, 0.00
2023/06/05 16:37:40, 20.72, 53.98, 986.75, 0.45, 61.62, 0.00, 0.00, 0.00
2023/06/05 16:37:41, 20.73, 53.96, 986.72, 0.45, 61.60, 0.00, 0.00, 0.00
2023/06/05 16:37:42, 20.74, 54.00, 986.72, 0.33, 61.60, 0.00, 0.00, 0.00
2023/06/05 16:37:43, 20.75, 54.09, 986.69, 0.33, 61.62, 0.00, 0.00, 0.00
2023/06/05 16:37:44, 20.75, 54.21, 986.71, 0.26, 61.60, 0.00, 0.00, 0.00
2023/06/05 16:37:45, 20.74, 54.33, 986.73, 0.20, 61.57, 0.00, 0.00, 0.00
2023/06/05 16:37:48, 20.75, 54.27, 986.71, 0.20, 61.64, 0.00, 0.00, 0.00
2023/06/05 16:37:49, 20.76, 54.25, 986.67, 0.14, 61.62, 0.00, 0.00, 0.00
2023/06/05 16:37:50, 20.75, 54.19, 986.71, 0.14, 61.62, 0.00, 0.00, 0.00
2023/06/05 16:37:51, 20.75, 54.20, 986.70, 0.14, 61.60, 0.00, 0.00, 0.00
2023/06/05 16:37:52, 20.75, 54.23, 986.72, 0.14, 61.64, 0.00, 0.00, 0.00
2023/06/05 16:37:53, 20.76, 54.26, 986.68, 0.14, 61.62, 0.00, 0.00, 0.00
2023/06/05 16:37:54, 20.77, 54.36, 986.70, 0.14, 61.66, 0.00, 0.00, 0.00
2023/06/05 16:37:55, 20.78, 54.42, 986.70, 0.14, 61.64, 0.00, 0.00, 0.00
2023/06/05 16:37:57, 20.77, 54.22, 986.73, 0.45, 61.60, 0.00, 0.00, 0.00
2023/06/05 16:37:58, 20.78, 54.23, 986.72, 0.45, 61.60, 0.00, 0.00, 0.00
2023/06/05 16:37:59, 20.77, 54.11, 986.69, 0.33, 61.62, 0.00, 0.00, 0.00
2023/06/05 16:38:00, 20.78, 54.05, 986.70, 0.39, 61.64, 0.00, 0.00, 0.00
2023/06/05 16:38:01, 20.78, 54.05, 986.72, 0.45, 61.64, 0.00, 0.00, 0.00
2023/06/05 16:38:02, 20.77, 54.05, 986.69, 0.45, 61.62, 0.00, 0.00, 0.00
2023/06/05 16:38:03, 20.78, 54.03, 986.73, 0.45, 61.57, 0.00, 0.00, 0.00
2023/06/05 16:38:04, 20.77, 54.06, 986.74, 0.33, 61.55, 0.00, 0.00, 0.00
2023/06/05 16:38:06, 20.77, 54.20, 986.72, 0.20, 61.64, 0.00, 0.00, 0.00
2023/06/05 16:38:07, 20.79, 54.14, 986.75, 0.20, 61.62, 0.00, 0.00, 0.00
2023/06/05 16:38:08, 20.77, 54.11, 986.68, 0.26, 61.62, 0.00, 0.00, 0.00
2023/06/05 16:38:09, 20.77, 54.06, 986.74, 0.20, 61.60, 0.00, 0.00, 0.00
2023/06/05 16:38:10, 20.77, 54.02, 986.69, 0.26, 61.60, 0.00, 0.00, 0.00
2023/06/05 16:38:11, 20.77, 54.02, 986.74, 0.20, 61.62, 0.00, 0.00, 0.00
2023/06/05 16:38:12, 20.78, 54.05, 986.71, 0.20, 61.60, 0.00, 0.00, 0.00
2023/06/05 16:38:12, 20.78, 54.10, 986.71, 0.14, 61.62, 0.00, 0.00, 0.00
2023/06/05 16:38:14, 20.78, 54.10, 986.67, 0.20, 61.60, 0.00, 0.00, 0.00
2023/06/05 16:38:15, 20.80, 54.06, 986.71, 0.20, 61.62, 0.00, 0.00, 0.00
2023/06/05 16:38:16, 20.80, 53.96, 986.70, 0.26, 61.64, 0.00, 0.00, 0.00
2023/06/05 16:38:17, 20.80, 54.01, 986.71, 0.20, 61.57, 0.00, 0.00, 0.00
2023/06/05 16:38:18, 20.81, 53.99, 986.71, 0.26, 61.64, 0.00, 0.00, 0.00
2023/06/05 16:38:19, 20.81, 54.00, 986.74, 0.20, 61.62, 0.00, 0.00, 0.00
2023/06/05 16:38:20, 20.80, 53.99, 986.71, 0.20, 61.64, 0.00, 0.00, 0.00
2023/06/05 16:38:21, 20.80, 54.10, 986.71, 0.20, 61.64, 0.00, 0.00, 0.00
2023/06/05 16:38:23, 20.80, 54.05, 986.74, 0.20, 61.60, 0.00, 0.00, 0.00
2023/06/05 16:38:24, 20.81, 54.04, 986.73, 0.33, 61.66, 0.00, 0.00, 0.00
2023/06/05 16:38:25, 20.80, 54.05, 986.75, 0.33, 61.60, 0.00, 0.00, 0.00
2023/06/05 16:38:26, 20.81, 54.07, 986.72, 0.33, 61.66, 0.00, 0.00, 0.00
2023/06/05 16:38:27, 20.81, 54.08, 986.72, 0.45, 61.64, 0.00, 0.00, 0.00
2023/06/05 16:38:28, 20.81, 53.99, 986.73, 0.45, 61.66, 0.00, 0.00, 0.00
2023/06/05 16:38:29, 20.80, 53.91, 986.76, 0.45, 61.60, 0.00, 0.00, 0.00
2023/06/05 16:38:30, 20.81, 53.87, 986.77, 0.45, 61.64, 0.00, 0.00, 0.00
2023/06/05 16:38:32, 20.80, 54.03, 986.71, 0.33, 61.64, 0.00, 0.00, 0.00
2023/06/05 16:38:33, 20.79, 54.12, 986.74, 0.33, 61.62, 0.00, 0.00, 0.00
2023/06/05 16:38:34, 20.79, 54.17, 986.70, 0.33, 61.57, 0.00, 0.00, 0.00
2023/06/05 16:38:35, 20.79, 54.22, 986.70, 0.45, 61.55, 0.00, 0.00, 0.00
2023/06/05 16:38:36, 20.80, 54.28, 986.72, 0.45, 61.62, 0.00, 0.00, 0.00
2023/06/05 16:38:37, 20.80, 54.30, 986.72, 0.45, 61.64, 0.00, 0.00, 0.00
2023/06/05 16:38:38, 20.80, 54.31, 986.74, 0.45, 61.57, 0.00, 0.00, 0.00
2023/06/05 16:38:39, 20.79, 54.27, 986.72, 0.45, 61.62, 0.00, 0.00, 0.00
2023/06/05 16:38:41, 20.78, 54.08, 986.71, 0.45, 61.62, 0.00, 0.00, 0.00
2023/06/05 16:38:42, 20.79, 54.12, 986.74, 0.45, 61.60, 0.00, 0.00, 0.00
2023/06/05 16:38:43, 20.78, 54.15, 986.72, 0.45, 61.64, 0.00, 0.00, 0.00
2023/06/05 16:38:44, 20.77, 54.14, 986.71, 0.51, 61.62, 0.00, 0.00, 0.00
2023/06/05 16:38:45, 20.78, 54.08, 986.72, 0.57, 61.60, 0.00, 0.00, 0.00
2023/06/05 16:38:46, 20.77, 54.05, 986.71, 0.51, 61.60, 0.00, 0.00, 0.00
2023/06/05 16:38:47, 20.77, 54.07, 986.68, 0.45, 61.57, 0.00, 0.00, 0.00
2023/06/05 16:38:48, 20.78, 54.04, 986.78, 0.45, 61.62, 0.00, 0.00, 0.00
2023/06/05 16:38:50, 20.76, 54.02, 986.75, 0.33, 61.62, 0.00, 0.00, 0.00
2023/06/05 16:38:51, 20.77, 54.05, 986.72, 0.33, 61.66, 0.00, 0.00, 0.00
2023/06/05 16:38:52, 20.77, 54.00, 986.76, 0.33, 61.62, 0.00, 0.00, 0.00
2023/06/05 16:38:53, 20.77, 53.99, 986.77, 0.33, 61.60, 0.00, 0.00, 0.00
2023/06/05 16:38:54, 20.78, 54.04, 986.71, 0.26, 61.64, 0.00, 0.00, 0.00
2023/06/05 16:38:55, 20.80, 54.12, 986.74, 0.20, 61.66, 0.00, 0.00, 0.00
2023/06/05 16:38:56, 20.80, 54.09, 986.71, 0.26, 61.68, 0.00, 0.00, 0.00
2023/06/05 16:38:57, 20.80, 54.11, 986.75, 0.14, 61.53, 0.00, 0.00, 0.00
2023/06/05 16:38:59, 20.82, 54.43, 986.75, 0.14, 61.47, 0.00, 0.00, 0.00
2023/06/05 16:39:00, 20.84, 54.63, 986.73, 0.14, 61.62, 0.00, 0.00, 0.00
2023/06/05 16:39:01, 20.83, 54.52, 986.75, 0.14, 61.57, 0.00, 0.00, 0.00
2023/06/05 16:39:02, 20.84, 54.41, 986.74, 0.14, 61.47, 0.00, 0.00, 0.00
2023/06/05 16:39:03, 20.83, 54.36, 986.72, 0.02, 61.60, 0.00, 0.00, 0.00
2023/06/05 16:39:04, 20.84, 54.26, 986.74, 0.02, 61.64, 0.00, 0.00, 0.00
2023/06/05 16:39:05, 20.84, 54.17, 986.71, 0.02, 61.66, 0.00, 0.00, 0.00
2023/06/05 16:39:06, 20.84, 54.07, 986.73, 0.02, 61.64, 0.00, 0.00, 0.00
2023/06/05 16:39:08, 20.86, 54.03, 986.74, 0.00, 61.66, 0.00, 0.00, 0.00
2023/06/05 16:39:09, 20.87, 54.05, 986.74, 0.00, 61.60, 0.00, 0.00, 0.00
2023/06/05 16:39:10, 20.87, 54.09, 986.72, 0.00, 61.62, 0.00, 0.00, 0.00
2023/06/05 16:39:11, 20.88, 54.14, 986.74, 0.00, 61.62, 0.00, 0.00, 0.00
2023/06/05 16:39:12, 20.90, 54.19, 986.75, 0.00, 61.64, 0.00, 0.00, 0.00
2023/06/05 16:39:13, 20.90, 54.27, 986.72, 0.00, 61.60, 0.00, 0.00, 0.00
2023/06/05 16:39:14, 20.91, 54.39, 986.74, 0.00, 61.60, 0.00, 0.00, 0.00
2023/06/05 16:39:15, 20.92, 54.45, 986.72, 0.00, 61.55, 0.00, 0.00, 0.00
2023/06/05 16:39:17, 20.94, 54.70, 986.74, 0.00, 61.64, 0.00, 0.00, 0.00
2023/06/05 16:39:18, 20.95, 54.72, 986.73, 0.00, 61.57, 0.00, 0.00, 0.00
2023/06/05 16:39:19, 20.96, 54.70, 986.71, 0.00, 61.60, 0.00, 0.00, 0.00
2023/06/05 16:39:20, 20.96, 54.72, 986.72, 0.00, 61.62, 0.00, 0.00, 0.00
2023/06/05 16:39:21, 20.97, 54.73, 986.72, 0.00, 61.66, 0.00, 0.00, 0.00
2023/06/05 16:39:22, 20.99, 54.72, 986.70, 0.00, 61.62, 0.00, 0.00, 0.00
2023/06/05 16:39:23, 21.00, 54.62, 986.73, 0.00, 61.64, 0.00, 0.00, 0.00
2023/06/05 16:39:24, 21.00, 54.56, 986.72, 0.00, 61.64, 0.00, 0.00, 0.00
2023/06/05 16:39:26, 21.02, 54.52, 986.72, 0.00, 61.62, 0.00, 0.00, 0.00
2023/06/05 16:39:27, 21.04, 54.51, 986.76, 0.00, 61.60, 0.00, 0.00, 0.00
2023/06/05 16:39:28, 21.05, 54.52, 986.77, 0.00, 61.60, 0.00, 0.00, 0.00
2023/06/05 16:39:29, 21.05, 54.54, 986.75, 0.00, 61.64, 0.00, 0.00, 0.00
2023/06/05 16:39:30, 21.06, 54.60, 986.74, 0.00, 61.64, 0.00, 0.00, 0.00
2023/06/05 16:39:31, 21.07, 54.66, 986.74, 0.00, 61.64, 0.00, 0.00, 0.00
2023/06/05 16:39:32, 21.08, 54.74, 986.74, 0.00, 61.66, 0.00, 0.00, 0.00
2023/06/05 16:39:35, 21.11, 54.94, 986.76, 0.00, 61.60, 0.00, 0.00, 0.00
2023/06/05 16:39:36, 21.11, 54.82, 986.71, 0.00, 61.64, 0.00, 0.00, 0.00
2023/06/05 16:39:37, 21.11, 54.65, 986.73, 0.00, 61.64, 0.00, 0.00, 0.00
2023/06/05 16:39:38, 21.11, 54.39, 986.74, 0.00, 61.64, 0.00, 0.00, 0.00
2023/06/05 16:39:39, 21.12, 54.24, 986.74, 0.00, 61.53, 0.00, 0.00, 0.00
2023/06/05 16:39:40, 21.11, 54.17, 986.74, 0.00, 61.60, 0.00, 0.00, 0.00
2023/06/05 16:39:41, 21.12, 54.18, 986.75, 0.00, 61.68, 0.00, 0.00, 0.00
2023/06/05 16:39:42, 21.13, 54.24, 986.74, 0.00, 61.60, 0.00, 0.00, 0.00
2023/06/05 16:39:44, 21.13, 54.26, 986.73, 0.00, 61.57, 0.00, 0.00, 0.00
2023/06/05 16:39:45, 21.14, 54.34, 986.75, 0.00, 61.64, 0.00, 0.00, 0.00
2023/06/05 16:39:46, 21.13, 54.43, 986.74, 0.00, 61.57, 0.00, 0.00, 0.00
2023/06/05 16:39:47, 21.13, 54.41, 986.72, 0.00, 61.62, 0.00, 0.00, 0.00
2023/06/05 16:39:48, 21.14, 54.35, 986.75, 0.00, 61.64, 0.00, 0.00, 0.00
2023/06/05 16:39:49, 21.14, 54.28, 986.76, 0.00, 61.66, 0.00, 0.00, 0.00
2023/06/05 16:39:50, 21.14, 54.23, 986.70, 0.00, 61.60, 0.00, 0.00, 0.00
2023/06/05 16:39:51, 21.16, 54.20, 986.74, 0.00, 61.71, 0.00, 0.00, 0.00
2023/06/05 16:39:53, 21.13, 54.15, 986.76, 0.00, 61.62, 0.00, 0.00, 0.00
2023/06/05 16:39:54, 21.12, 54.16, 986.76, 0.00, 61.62, 0.00, 0.00, 0.00
2023/06/05 16:39:55, 21.12, 54.12, 986.77, 0.00, 61.62, 0.00, 0.00, 0.00
2023/06/05 16:39:56, 21.09, 54.13, 986.76, 0.00, 61.71, 0.00, 0.00, 0.00
2023/06/05 16:39:57, 21.09, 54.09, 986.74, 0.00, 61.62, 0.00, 0.00, 0.00
2023/06/05 16:39:58, 21.08, 53.95, 986.75, 0.00, 61.62, 0.00, 0.00, 0.00
2023/06/05 16:39:59, 21.08, 53.81, 986.77, 0.00, 61.60, 0.00, 0.00, 0.00
2023/06/05 16:39:59, 21.06, 53.83, 986.76, 0.00, 61.68, 0.00, 0.00, 0.00
2023/06/05 16:40:01, 21.04, 54.06, 986.73, 0.00, 61.64, 0.00, 0.00, 0.00
2023/06/05 16:40:02, 21.04, 54.18, 986.76, 0.00, 61.60, 0.00, 0.00, 0.00
2023/06/05 16:40:03, 21.04, 54.21, 986.75, 0.00, 61.60, 0.00, 0.00, 0.00
2023/06/05 16:40:04, 21.06, 54.28, 986.78, 0.00, 61.57, 0.00, 0.00, 0.00
2023/06/05 16:40:05, 21.06, 54.32, 986.74, 0.00, 61.68, 0.00, 0.00, 0.00
2023/06/05 16:40:06, 21.08, 54.40, 986.78, 0.00, 61.60, 0.00, 0.00, 0.00
2023/06/05 16:40:07, 21.09, 54.52, 986.79, 0.00, 61.64, 0.00, 0.00, 0.00
2023/06/05 16:40:08, 21.08, 54.56, 986.77, 0.00, 61.64, 0.00, 0.00, 0.00
2023/06/05 16:40:10, 21.08, 54.52, 986.73, 0.00, 61.64, 0.00, 0.00, 0.00
2023/06/05 16:40:11, 21.09, 54.49, 986.76, 0.00, 61.64, 0.00, 0.00, 0.00
2023/06/05 16:40:12, 21.09, 54.45, 986.75, 0.00, 61.66, 0.00, 0.00, 0.00
2023/06/05 16:40:13, 21.09, 54.41, 986.76, 0.00, 61.62, 0.00, 0.00, 0.00
2023/06/05 16:40:14, 21.11, 54.41, 986.75, 0.00, 61.64, 0.00, 0.00, 0.00
2023/06/05 16:40:15, 21.11, 54.42, 986.77, 0.00, 61.60, 0.00, 0.00, 0.00
2023/06/05 16:40:16, 21.11, 54.43, 986.78, 0.00, 61.66, 0.00, 0.00, 0.00
2023/06/05 16:40:17, 21.12, 54.47, 986.79, 0.00, 61.55, 0.00, 0.00, 0.00
2023/06/05 16:40:19, 21.08, 54.13, 986.76, 0.00, 61.60, 0.00, 0.00, 0.00
2023/06/05 16:40:20, 21.08, 54.15, 986.75, 0.00, 61.62, 0.00, 0.00, 0.00
2023/06/05 16:40:21, 21.08, 54.08, 986.75, 0.00, 61.57, 0.00, 0.00, 0.00
2023/06/05 16:40:22, 21.07, 53.92, 986.75, 0.00, 61.57, 0.00, 0.00, 0.00
2023/06/05 16:40:23, 21.07, 53.72, 986.75, 0.00, 61.62, 0.00, 0.00, 0.00
2023/06/05 16:40:24, 21.07, 53.70, 986.76, 0.00, 61.64, 0.00, 0.00, 0.00
2023/06/05 16:40:25, 21.08, 53.68, 986.77, 0.00, 61.62, 0.00, 0.00, 0.00
2023/06/05 16:40:26, 21.08, 53.80, 986.77, 0.00, 61.64, 0.00, 0.00, 0.00
2023/06/05 16:40:28, 21.09, 53.81, 986.76, 0.02, 61.60, 0.00, 0.00, 0.00
2023/06/05 16:40:29, 21.10, 53.76, 986.80, 0.02, 61.64, 0.00, 0.00, 0.00
2023/06/05 16:40:30, 21.10, 53.95, 986.76, 0.02, 61.57, 0.00, 0.00, 0.00
2023/06/05 16:40:31, 21.10, 53.91, 986.75, 0.02, 61.60, 0.00, 0.00, 0.00
2023/06/05 16:40:32, 21.10, 53.94, 986.75, 0.02, 61.57, 0.00, 0.00, 0.00
2023/06/05 16:40:33, 21.10, 54.00, 986.74, 0.02, 61.66, 0.00, 0.00, 0.00
2023/06/05 16:40:34, 21.10, 54.09, 986.76, 0.02, 61.68, 0.00, 0.00, 0.00
2023/06/05 16:40:34, 21.11, 54.24, 986.79, 0.02, 61.60, 0.00, 0.00, 0.00
2023/06/05 16:40:36, 21.10, 54.07, 986.78, 0.02, 61.49, 0.00, 0.00, 0.00
2023/06/05 16:40:37, 21.10, 54.01, 986.74, 0.02, 61.55, 0.00, 0.00, 0.00
2023/06/05 16:40:38, 21.10, 53.90, 986.76, 0.02, 61.64, 0.00, 0.00, 0.00
2023/06/05 16:40:39, 21.10, 53.78, 986.78, 0.00, 61.64, 0.00, 0.00, 0.00
2023/06/05 16:40:40, 21.11, 53.67, 986.76, 0.00, 61.60, 0.00, 0.00, 0.00
2023/06/05 16:40:41, 21.11, 53.64, 986.79, 0.00, 61.64, 0.00, 0.00, 0.00
2023/06/05 16:40:42, 21.12, 53.58, 986.80, 0.00, 61.64, 0.00, 0.00, 0.00
2023/06/05 16:40:43, 21.13, 53.50, 986.80, 0.00, 61.64, 0.00, 0.00, 0.00
2023/06/05 16:40:45, 21.13, 53.55, 986.77, 0.00, 61.64, 0.00, 0.00, 0.00
2023/06/05 16:40:46, 21.13, 53.57, 986.77, 0.00, 61.60, 0.00, 0.00, 0.00
2023/06/05 16:40:47, 21.12, 53.57, 986.73, 0.00, 61.57, 0.00, 0.00, 0.00
2023/06/05 16:40:48, 21.13, 53.57, 986.76, 0.00, 61.60, 0.00, 0.00, 0.00
2023/06/05 16:40:49, 21.13, 53.58, 986.75, 0.00, 61.62, 0.00, 0.00, 0.00
2023/06/05 16:40:50, 21.14, 53.55, 986.77, 0.00, 61.64, 0.00, 0.00, 0.00
2023/06/05 16:40:51, 21.14, 53.56, 986.76, 0.00, 61.66, 0.00, 0.00, 0.00
2023/06/05 16:40:52, 21.16, 53.61, 986.78, 0.00, 61.64, 0.00, 0.00, 0.00
2023/06/05 16:40:54, 21.17, 53.80, 986.76, 0.00, 61.60, 0.00, 0.00, 0.00
2023/06/05 16:40:55, 21.17, 53.79, 986.78, 0.00, 61.62, 0.00, 0.00, 0.00
2023/06/05 16:40:56, 21.18, 53.72, 986.77, 0.00, 61.66, 0.00, 0.00, 0.00
2023/06/05 16:40:57, 21.18, 53.68, 986.78, 0.00, 61.64, 0.00, 0.00, 0.00
2023/06/05 16:40:58, 21.18, 53.72, 986.77, 0.00, 61.62, 0.00, 0.00, 0.00
2023/06/05 16:40:59, 21.19, 53.71, 986.80, 0.00, 61.64, 0.00, 0.00, 0.00
2023/06/05 16:41:00, 21.18, 53.72, 986.76, 0.00, 61.60, 0.00, 0.00, 0.00
2023/06/05 16:41:01, 21.18, 53.68, 986.77, 0.00, 61.57, 0.00, 0.00, 0.00
2023/06/05 16:41:03, 21.19, 53.58, 986.76, 0.00, 61.64, 0.00, 0.00, 0.00
2023/06/05 16:41:04, 21.18, 53.58, 986.76, 0.00, 61.60, 0.00, 0.00, 0.00
2023/06/05 16:41:05, 21.18, 53.55, 986.75, 0.00, 61.64, 0.00, 0.00, 0.00
2023/06/05 16:41:06, 21.19, 53.55, 986.78, 0.00, 61.64, 0.00, 0.00, 0.00
2023/06/05 16:41:07, 21.19, 53.53, 986.78, 0.00, 61.66, 0.00, 0.00, 0.00
2023/06/05 16:41:08, 21.19, 53.51, 986.80, 0.00, 61.68, 0.00, 0.00, 0.00
2023/06/05 16:41:09, 21.17, 53.54, 986.78, 0.00, 61.66, 0.00, 0.00, 0.00
2023/06/05 16:41:10, 21.17, 53.60, 986.78, 0.00, 61.64, 0.00, 0.00, 0.00
2023/06/05 16:41:12, 21.19, 53.63, 986.77, 0.00, 61.60, 0.00, 0.00, 0.00
2023/06/05 16:41:13, 21.18, 53.68, 986.78, 0.00, 61.64, 0.00, 0.00, 0.00
2023/06/05 16:41:14, 21.19, 53.71, 986.78, 0.00, 61.64, 0.00, 0.00, 0.00
2023/06/05 16:41:15, 21.19, 53.74, 986.77, 0.00, 61.64, 0.00, 0.00, 0.00
2023/06/05 16:41:16, 21.20, 53.80, 986.78, 0.00, 61.64, 0.00, 0.00, 0.00
2023/06/05 16:41:17, 21.21, 53.74, 986.81, 0.00, 61.62, 0.00, 0.00, 0.00
2023/06/05 16:41:18, 21.21, 53.61, 986.82, 0.00, 61.60, 0.00, 0.00, 0.00
2023/06/05 16:41:19, 21.21, 53.53, 986.83, 0.00, 61.64, 0.00, 0.00, 0.00
2023/06/05 16:41:21, 21.21, 53.59, 986.80, 0.00, 61.62, 0.00, 0.00, 0.00
2023/06/05 16:41:22, 21.21, 53.56, 986.78, 0.00, 61.73, 0.00, 0.00, 0.00
2023/06/05 16:41:23, 21.22, 53.61, 986.80, 0.00, 61.66, 0.00, 0.00, 0.00
2023/06/05 16:41:24, 21.22, 53.62, 986.76, 0.00, 61.60, 0.00, 0.00, 0.00
2023/06/05 16:41:25, 21.22, 53.64, 986.76, 0.00, 61.64, 0.00, 0.00, 0.00
2023/06/05 16:41:26, 21.22, 53.66, 986.75, 0.00, 61.64, 0.00, 0.00, 0.00
2023/06/05 16:41:27, 21.22, 53.66, 986.76, 0.00, 61.62, 0.00, 0.00, 0.00
2023/06/05 16:41:28, 21.22, 53.60, 986.77, 0.00, 61.64, 0.00, 0.00, 0.00
2023/06/05 16:41:30, 21.22, 53.54, 986.78, 0.00, 61.60, 0.00, 0.00, 0.00
2023/06/05 16:41:31, 21.23, 53.49, 986.78, 0.00, 61.53, 0.00, 0.00, 0.00
2023/06/05 16:41:32, 21.23, 53.49, 986.80, 0.00, 61.66, 0.00, 0.00, 0.00
2023/06/05 16:41:33, 21.22, 53.55, 986.80, 0.00, 61.64, 0.00, 0.00, 0.00
2023/06/05 16:41:34, 21.23, 53.49, 986.77, 0.00, 61.55, 0.00, 0.00, 0.00
2023/06/05 16:41:35, 21.22, 53.41, 986.78, 0.00, 61.62, 0.00, 0.00, 0.00
2023/06/05 16:41:36, 21.21, 53.33, 986.78, 0.00, 61.57, 0.00, 0.00, 0.00
2023/06/05 16:41:37, 21.21, 53.26, 986.78, 0.00, 61.57, 0.00, 0.00, 0.00
2023/06/05 16:41:39, 21.22, 53.24, 986.79, 0.00, 61.64, 0.00, 0.00, 0.00
2023/06/05 16:41:40, 21.22, 53.28, 986.81, 0.00, 61.57, 0.00, 0.00, 0.00
2023/06/05 16:41:41, 21.21, 53.28, 986.80, 0.00, 61.64, 0.00, 0.00, 0.00
2023/06/05 16:41:42, 21.23, 53.34, 986.80, 0.00, 61.57, 0.00, 0.00, 0.00
2023/06/05 16:41:43, 21.22, 53.38, 986.81, 0.00, 61.62, 0.00, 0.00, 0.00
2023/06/05 16:41:44, 21.23, 53.57, 986.79, 0.00, 61.64, 0.00, 0.00, 0.00
2023/06/05 16:41:45, 21.24, 53.69, 986.80, 0.00, 61.64, 0.00, 0.00, 0.00
2023/06/05 16:41:45, 21.23, 53.79, 986.81, 0.00, 61.62, 0.00, 0.00, 0.00
2023/06/05 16:41:47, 21.23, 53.91, 986.78, 0.00, 61.55, 0.00, 0.00, 0.00
2023/06/05 16:41:48, 21.23, 53.90, 986.81, 0.00, 61.64, 0.00, 0.00, 0.00
2023/06/05 16:41:49, 21.24, 53.89, 986.78, 0.00, 61.55, 0.00, 0.00, 0.00
2023/06/05 16:41:50, 21.24, 53.85, 986.78, 0.00, 61.62, 0.00, 0.00, 0.00
2023/06/05 16:41:51, 21.25, 53.84, 986.78, 0.00, 61.64, 0.00, 0.00, 0.00
2023/06/05 16:41:52, 21.24, 53.79, 986.77, 0.00, 61.64, 0.00, 0.00, 0.00
2023/06/05 16:41:53, 21.24, 53.67, 986.77, 0.00, 61.66, 0.00, 0.00, 0.00
2023/06/05 16:41:54, 21.26, 53.67, 986.82, 0.00, 61.62, 0.00, 0.00, 0.00
2023/06/05 16:41:56, 21.22, 53.43, 986.78, 0.00, 61.60, 0.00, 0.00, 0.00
2023/06/05 16:41:57, 21.20, 53.37, 986.78, 0.00, 61.62, 0.00, 0.00, 0.00
2023/06/05 16:41:58, 21.20, 53.39, 986.83, 0.00, 61.64, 0.00, 0.00, 0.00
2023/06/05 16:41:59, 21.18, 53.24, 986.82, 0.00, 61.62, 0.00, 0.00, 0.00
2023/06/05 16:42:00, 21.17, 53.23, 986.77, 0.00, 61.66, 0.00, 0.00, 0.00
2023/06/05 16:42:01, 21.17, 53.20, 986.81, 0.00, 61.57, 0.00, 0.00, 0.00
2023/06/05 16:42:02, 21.16, 53.17, 986.76, 0.00, 61.62, 0.00, 0.00, 0.00
2023/06/05 16:42:03, 21.16, 53.27, 986.76, 0.00, 61.62, 0.00, 0.00, 0.00
2023/06/05 16:42:05, 21.19, 53.28, 986.80, 0.02, 61.64, 0.00, 0.00, 0.00
2023/06/05 16:42:06, 21.19, 53.33, 986.80, 0.02, 61.64, 0.00, 0.00, 0.00
2023/06/05 16:42:07, 21.19, 53.33, 986.81, 0.02, 61.62, 0.00, 0.00, 0.00
2023/06/05 16:42:08, 21.17, 53.24, 986.76, 0.02, 61.64, 0.00, 0.00, 0.00
2023/06/05 16:42:09, 21.18, 53.22, 986.78, 0.02, 61.57, 0.00, 0.00, 0.00
2023/06/05 16:42:10, 21.18, 53.19, 986.78, 0.00, 61.62, 0.00, 0.00, 0.00
2023/06/05 16:42:11, 21.16, 53.18, 986.79, 0.00, 61.64, 0.00, 0.00, 0.00
2023/06/05 16:42:12, 21.18, 53.14, 986.77, 0.00, 61.64, 0.00, 0.00, 0.00
2023/06/05 16:42:14, 21.18, 53.17, 986.82, 0.00, 61.57, 0.00, 0.00, 0.00
2023/06/05 16:42:15, 21.19, 53.17, 986.80, 0.00, 61.64, 0.00, 0.00, 0.00
2023/06/05 16:42:16, 21.20, 53.35, 986.81, 0.00, 61.60, 0.00, 0.00, 0.00
2023/06/05 16:42:17, 21.20, 53.36, 986.80, 0.00, 61.38, 0.00, 0.00, 0.00
2023/06/05 16:42:18, 21.20, 53.33, 986.81, 0.00, 61.60, 0.00, 0.00, 0.00
2023/06/05 16:42:19, 21.21, 53.25, 986.82, 0.00, 61.57, 0.00, 0.00, 0.00
2023/06/05 16:42:20, 21.20, 53.38, 986.82, 0.00, 61.66, 0.00, 0.00, 0.00
2023/06/05 16:42:21, 21.20, 53.36, 986.82, 0.00, 61.68, 0.00, 0.00, 0.00
2023/06/05 16:42:23, 21.19, 53.25, 986.83, 0.00, 61.55, 0.00, 0.00, 0.00
2023/06/05 16:42:24, 21.18, 53.26, 986.81, 0.00, 61.64, 0.00, 0.00, 0.00
2023/06/05 16:42:25, 21.19, 53.27, 986.81, 0.00, 61.64, 0.00, 0.00, 0.00
2023/06/05 16:42:26, 21.19, 53.31, 986.83, 0.00, 61.60, 0.00, 0.00, 0.00
2023/06/05 16:42:27, 21.20, 53.32, 986.82, 0.00, 61.62, 0.00, 0.00, 0.00
2023/06/05 16:42:28, 21.20, 53.26, 986.81, 0.00, 61.60, 0.00, 0.00, 0.00
2023/06/05 16:42:29, 21.20, 53.33, 986.79, 0.00, 61.66, 0.00, 0.00, 0.00
2023/06/05 16:42:30, 21.19, 53.39, 986.79, 0.00, 61.62, 0.00, 0.00, 0.00
2023/06/05 16:42:32, 21.22, 53.52, 986.81, 0.00, 61.66, 0.00, 0.00, 0.00
2023/06/05 16:42:33, 21.23, 53.51, 986.81, 0.00, 61.64, 0.00, 0.00, 0.00
2023/06/05 16:42:34, 21.23, 53.49, 986.80, 0.00, 61.64, 0.00, 0.00, 0.00
2023/06/05 16:42:35, 21.24, 53.54, 986.78, 0.00, 61.64, 0.00, 0.00, 0.00
2023/06/05 16:42:36, 21.24, 53.59, 986.79, 0.00, 61.64, 0.00, 0.00, 0.00
2023/06/05 16:42:37, 21.26, 53.58, 986.79, 0.00, 61.62, 0.00, 0.00, 0.00
2023/06/05 16:42:38, 21.26, 53.59, 986.80, 0.00, 61.55, 0.00, 0.00, 0.00
2023/06/05 16:42:39, 21.26, 53.62, 986.80, 0.00, 61.60, 0.00, 0.00, 0.00
2023/06/05 16:42:41, 21.28, 53.64, 986.79, 0.00, 61.66, 0.00, 0.00, 0.00
2023/06/05 16:42:42, 21.28, 53.60, 986.79, 0.00, 61.62, 0.00, 0.00, 0.00
2023/06/05 16:42:43, 21.29, 53.58, 986.81, 0.00, 61.60, 0.00, 0.00, 0.00
2023/06/05 16:42:44, 21.29, 53.51, 986.82, 0.00, 61.64, 0.00, 0.00, 0.00
2023/06/05 16:42:45, 21.29, 53.45, 986.79, 0.00, 61.66, 0.00, 0.00, 0.00
2023/06/05 16:42:46, 21.29, 53.40, 986.82, 0.00, 61.60, 0.00, 0.00, 0.00
2023/06/05 16:42:47, 21.29, 53.37, 986.80, 0.00, 61.64, 0.00, 0.00, 0.00
2023/06/05 16:42:47, 21.30, 53.35, 986.82, 0.00, 61.60, 0.00, 0.00, 0.00
2023/06/05 16:42:49, 21.30, 53.34, 986.84, 0.00, 61.64, 0.00, 0.00, 0.00
2023/06/05 16:42:50, 21.31, 53.33, 986.83, 0.00, 61.64, 0.00, 0.00, 0.00
2023/06/05 16:42:51, 21.31, 53.33, 986.86, 0.00, 61.60, 0.00, 0.00, 0.00
2023/06/05 16:42:52, 21.30, 53.35, 986.80, 0.00, 61.64, 0.00, 0.00, 0.00
2023/06/05 16:42:53, 21.30, 53.28, 986.83, 0.00, 61.60, 0.00, 0.00, 0.00
2023/06/05 16:42:54, 21.31, 53.33, 986.80, 0.00, 61.64, 0.00, 0.00, 0.00
2023/06/05 16:42:55, 21.32, 53.33, 986.83, 0.00, 61.64, 0.00, 0.00, 0.00
2023/06/05 16:42:56, 21.33, 53.33, 986.85, 0.00, 61.66, 0.00, 0.00, 0.00
2023/06/05 16:42:58, 21.33, 53.40, 986.84, 0.00, 61.62, 0.00, 0.00, 0.00
2023/06/05 16:42:59, 21.34, 53.40, 986.84, 0.00, 61.64, 0.00, 0.00, 0.00
2023/06/05 16:43:01, 21.34, 53.42, 986.79, 0.00, 61.60, 0.00, 0.00, 0.00
2023/06/05 16:43:01, 21.34, 53.39, 986.80, 0.00, 61.64, 0.00, 0.00, 0.00
2023/06/05 16:43:02, 21.36, 53.39, 986.84, 0.00, 61.62, 0.00, 0.00, 0.00
2023/06/05 16:43:03, 21.35, 53.37, 986.82, 0.00, 61.64, 0.00, 0.00, 0.00
2023/06/05 16:43:04, 21.36, 53.37, 986.82, 0.00, 61.62, 0.00, 0.00, 0.00
2023/06/05 16:43:07, 21.38, 53.33, 986.86, 0.00, 61.62, 0.00, 0.00, 0.00
2023/06/05 16:43:08, 21.37, 53.30, 986.86, 0.00, 61.64, 0.00, 0.00, 0.00
2023/06/05 16:43:09, 21.38, 53.27, 986.82, 0.00, 61.62, 0.00, 0.00, 0.00
2023/06/05 16:43:10, 21.37, 53.27, 986.82, 0.00, 61.64, 0.00, 0.00, 0.00
2023/06/05 16:43:11, 21.39, 53.21, 986.83, 0.00, 61.60, 0.00, 0.00, 0.00
2023/06/05 16:43:12, 21.38, 53.26, 986.79, 0.00, 61.60, 0.00, 0.00, 0.00
2023/06/05 16:43:13, 21.38, 53.23, 986.82, 0.00, 61.60, 0.00, 0.00, 0.00
2023/06/05 16:43:14, 21.40, 53.23, 986.86, 0.00, 61.62, 0.00, 0.00, 0.00
2023/06/05 16:43:16, 21.40, 53.24, 986.84, 0.00, 61.62, 0.00, 0.00, 0.00
2023/06/05 16:43:17, 21.40, 53.21, 986.82, 0.00, 61.64, 0.00, 0.00, 0.00
2023/06/05 16:43:18, 21.40, 53.19, 986.84, 0.00, 61.57, 0.00, 0.00, 0.00
2023/06/05 16:43:19, 21.40, 53.18, 986.81, 0.00, 61.60, 0.00, 0.00, 0.00
2023/06/05 16:43:20, 21.40, 53.18, 986.81, 0.00, 61.66, 0.00, 0.00, 0.00
2023/06/05 16:43:21, 21.41, 53.18, 986.84, 0.00, 61.62, 0.00, 0.00, 0.00
2023/06/05 16:43:22, 21.42, 53.20, 986.84, 0.00, 61.60, 0.00, 0.00, 0.00
